{"cameraMode":{"drawMode":0,"name":"Shaded","section":"Shading Mode"},"sceneLighting":true,"audioPlay":false,"sceneViewState":{"m_AlwaysRefresh":false,"showFog":true,"showSkybox":true,"showFlares":true,"showImageEffects":true,"showParticleSystems":true,"showVisualEffectGraphs":true,"m_FxEnabled":true},"in2DMode":false,"pivot":{"x":-0.2917095720767975,"y":1.4939769506454468,"z":89.863525390625},"rotation":{"x":0.01900072954595089,"y":-0.007999367080628872,"z":0.00013752646918874234,"w":0.9998998045921326},"size":9.38565444946289,"orthographic":true}