{"cameraMode":{"drawMode":0,"name":"Shaded","section":"Shading Mode"},"sceneLighting":true,"audioPlay":false,"sceneViewState":{"m_AlwaysRefresh":false,"showFog":true,"showSkybox":true,"showFlares":true,"showImageEffects":true,"showParticleSystems":true,"showVisualEffectGraphs":true,"m_FxEnabled":true},"in2DMode":false,"pivot":{"x":4.965863227844238,"y":1.2688355445861817,"z":1.495504379272461},"rotation":{"x":-0.363315612077713,"y":-0.0036352043971419336,"z":0.0014205501647666097,"w":-0.9317072629928589},"size":8.803975105285645,"orthographic":false}